B,N,T_Emb_K,T_Sim_K,M_K,T_Emb_TF,T_Sim_TF,M_TF,K_Status,TF_Status
500,500,0.5929936170578003,0.4741156995296478,606.78173828125,1.5907161757349968,0.009218189865350723,1638.95556640625,Success,Success
500,1000,0.7836544029414654,0.9444202594459057,638.818359375,1.4237633273005486,0.00010281428694725037,1647.38623046875,Success,Success
500,2000,1.2131286412477493,1.883933898061514,675.29736328125,1.4276058785617352,0.00010576844215393066,1658.2744140625,Success,Success
500,4000,2.402095813304186,3.71650667861104,752.26220703125,1.4271800592541695,0.0015400275588035583,1681.38623046875,Success,Success
