B,N,K_Time,K_Mem,K_Status,TF_Time,TF_Mem,TF_Status
500,500,1.7167571820318699,621.666015625,Success,1.605207398533821,1638.95556640625,Success
500,1000,2.538262575864792,675.62548828125,Success,1.431585393846035,1647.38623046875,Success
500,2000,4.348945267498493,748.5791015625,Success,1.4305964969098568,1658.2744140625,Success
500,4000,8.079354155808687,897.9375,Success,1.4271429404616356,1681.38623046875,Success
