B,N,K_Status,T_Emb_K,M_VRAM_Emb_K,M_RAM_Emb_K,T_Sim_K,M_VRAM_Sim_K,M_RAM_Sim_K,T_Emb_TF,M_Emb_TF,T_Sim_TF,M_Sim_TF
500,500,Success,0.5945512391626835,606.78173828125,1082.12890625,1.5911783017218113,606.78173828125,30.6015625,1.5910869389772415,1633.2333984375,1.4717631712555885,1635.2294921875
500,1000,Success,0.7743366397917271,638.70556640625,1979.37890625,2.5413094088435173,638.70556640625,90.453125,1.4286300130188465,1636.140625,1.4294877164065838,1637.1396484375
500,2000,Success,1.1999460868537426,676.58056640625,3944.859375,4.340048514306545,676.58056640625,-8.5625,1.4301276244223118,1636.140625,1.4275833144783974,1637.1396484375
